{"count":1,"self":10.207772799999999,"total":10.409521999999999,"children":{"InitializeActuators":{"count":8,"self":0.001081,"total":0.001081,"children":null},"InitializeSensors":{"count":8,"self":0.001467,"total":0.001467,"children":null},"AgentSendState":{"count":453,"self":0.0036639999999999997,"total":0.013025,"children":{"CollectObservations":{"count":728,"self":0.0015329999999999999,"total":0.0015329999999999999,"children":null},"WriteActionMask":{"count":728,"self":0.00050099999999999993,"total":0.00050099999999999993,"children":null},"RequestDecision":{"count":728,"self":0.0073269999999999993,"total":0.0073269999999999993,"children":null}}},"DecideAction":{"count":453,"self":0.16464099999999998,"total":0.16464099999999998,"children":null},"AgentAct":{"count":453,"self":0.021245999999999998,"total":0.021245999999999998,"children":null}},"gauges":{},"metadata":{"timer_format_version":"0.1.0","start_time_seconds":"1666334380","unity_version":"2022.1.20f1","command_line_arguments":"\/Applications\/Unity\/Hub\/Editor\/2022.1.20f1\/Unity.app\/Contents\/MacOS\/Unity -projectpath \/Users\/013659\/Documents\/GitHub\/Actual-Repository -useHub -hubIPC -cloudEnvironment production -licensingIpc LicenseClient-013659 -hubSessionId 7320c450-50ea-11ed-a5da-d36225b76bcb -accessToken PiM5PKq-Eni3ST0j_sn4yzhCc8ngPblgxDvXFJeMtpI00ff","communication_protocol_version":"1.5.0","com.unity.ml-agents_version":"2.0.1","scene_name":"MainScene","end_time_seconds":"1666334391"}}